[{"name": "html", "id": "139d544@@html@cus", "type": "custom", "defined_in": "/home/vsalazarsarabia/Documents/MICHEL/arduino-bridge/doc/meson.build", "filename": ["/home/vsalazarsarabia/Documents/MICHEL/arduino-bridge/build_debug/doc/html"], "build_by_default": false, "target_sources": [{"language": "unknown", "compiler": ["/usr/local/bin/doxygen", "/home/vsalazarsarabia/Documents/MICHEL/arduino-bridge/build_debug/doc/Doxyfile"], "parameters": [], "sources": ["/home/vsalazarsarabia/Documents/MICHEL/arduino-bridge/build_debug/doc/Doxyfile"], "generated_sources": []}], "subproject": null, "installed": false}, {"name": "firefox", "id": "139d544@@firefox@run", "type": "run", "defined_in": "/home/vsalazarsarabia/Documents/MICHEL/arduino-bridge/doc/meson.build", "filename": ["/home/vsalazarsarabia/Documents/MICHEL/arduino-bridge/build_debug/doc/firefox"], "build_by_default": false, "target_sources": [], "subproject": null, "installed": false}, {"name": "gpio", "id": "gpio@exe", "type": "executable", "defined_in": "/home/vsalazarsarabia/Documents/MICHEL/arduino-bridge/meson.build", "filename": ["/home/vsalazarsarabia/Documents/MICHEL/arduino-bridge/build_debug/gpio"], "build_by_default": true, "target_sources": [{"language": "cpp", "compiler": ["c++"], "parameters": ["-I/home/vsalazarsarabia/Documents/MICHEL/arduino-bridge/build_debug/gpio@exe", "-I/home/vsalazarsarabia/Documents/MICHEL/arduino-bridge/build_debug", "-I/home/vsalazarsarabia/Documents/MICHEL/arduino-bridge", "-I/home/vsalazarsarabia/Documents/MICHEL/arduino-bridge/lib/azmq", "-I/home/vsalazarsarabia/Documents/MICHEL/arduino-bridge/lib/toml11", "-I/usr/local/include", "-fdiagnostics-color=always", "-pipe", "-D_FILE_OFFSET_BITS=64", "-Wall", "-Winvalid-pch", "-Wnon-virtual-dtor", "-Wextra", "-Wpedantic", "-std=c++17", "-g", "-DZMQ_BUILD_DRAFT_API=1"], "sources": ["/home/vsalazarsarabia/Documents/MICHEL/arduino-bridge/src/main.cpp", "/home/vsalazarsarabia/Documents/MICHEL/arduino-bridge/src/ApplicationConfig.cpp", "/home/vsalazarsarabia/Documents/MICHEL/arduino-bridge/src/ArduinoLink.cpp", "/home/vsalazarsarabia/Documents/MICHEL/arduino-bridge/src/ArduinoTypes.cpp", "/home/vsalazarsarabia/Documents/MICHEL/arduino-bridge/src/ArduinoManager.cpp", "/home/vsalazarsarabia/Documents/MICHEL/arduino-bridge/src/AsyncInput.cpp", "/home/vsalazarsarabia/Documents/MICHEL/arduino-bridge/src/Console.cpp", "/home/vsalazarsarabia/Documents/MICHEL/arduino-bridge/src/Logger.cpp", "/home/vsalazarsarabia/Documents/MICHEL/arduino-bridge/src/ZmqChannelPeriodicPub.cpp", "/home/vsalazarsarabia/Documents/MICHEL/arduino-bridge/src/ZmqManager.cpp"], "generated_sources": []}], "subproject": null, "installed": false}]